year,secondary
2000,57.35533142
2001,57.78274155
2002,58.75867844
2003,60.16675949
2004,61.16464996
2005,62.3097496
2006,63.57157135
2007,65.38921356
2008,67.22878265
2009,68.40852356
2010,69.87905884
2011,71.13236237
2012,72.06931305
2013,73.94184113
2014,74.96174622
2015,75.03735352
2016,75.31050873
2017,74.9803772
2018,75.70320129
2019,75.9183197