year,primary
2000,94.7407074
2001,95.73738861
2002,96.15660858
2003,98.73856354
2004,99.29403687
2005,99.73999023
2006,100.054512
2007,100.9419403
2008,101.6740875
2009,101.8162918
2010,101.3630905
2011,101.8350906
2012,102.7460175
2013,103.9030991
2014,102.6486435
2015,102.3875427
2016,104.3739777
2017,104.139801
2018,100.5605316
2019,100.8158493